--
-- PostgreSQL database dump
--

-- Dumped from database version 17.5
-- Dumped by pg_dump version 17.5

SET statement_timeout = 0;
SET lock_timeout = 0;
SET idle_in_transaction_session_timeout = 0;
SET transaction_timeout = 0;
SET client_encoding = 'UTF8';
SET standard_conforming_strings = on;
SELECT pg_catalog.set_config('search_path', '', false);
SET check_function_bodies = false;
SET xmloption = content;
SET client_min_messages = warning;
SET row_security = off;

SET default_tablespace = '';

SET default_table_access_method = heap;

--
-- Name: auth_group; Type: TABLE; Schema: public; Owner: postgres
--

CREATE TABLE public.auth_group (
    id integer NOT NULL,
    name character varying(150) NOT NULL
);


ALTER TABLE public.auth_group OWNER TO postgres;

--
-- Name: auth_group_id_seq; Type: SEQUENCE; Schema: public; Owner: postgres
--

ALTER TABLE public.auth_group ALTER COLUMN id ADD GENERATED BY DEFAULT AS IDENTITY (
    SEQUENCE NAME public.auth_group_id_seq
    START WITH 1
    INCREMENT BY 1
    NO MINVALUE
    NO MAXVALUE
    CACHE 1
);


--
-- Name: auth_group_permissions; Type: TABLE; Schema: public; Owner: postgres
--

CREATE TABLE public.auth_group_permissions (
    id bigint NOT NULL,
    group_id integer NOT NULL,
    permission_id integer NOT NULL
);


ALTER TABLE public.auth_group_permissions OWNER TO postgres;

--
-- Name: auth_group_permissions_id_seq; Type: SEQUENCE; Schema: public; Owner: postgres
--

ALTER TABLE public.auth_group_permissions ALTER COLUMN id ADD GENERATED BY DEFAULT AS IDENTITY (
    SEQUENCE NAME public.auth_group_permissions_id_seq
    START WITH 1
    INCREMENT BY 1
    NO MINVALUE
    NO MAXVALUE
    CACHE 1
);


--
-- Name: auth_permission; Type: TABLE; Schema: public; Owner: postgres
--

CREATE TABLE public.auth_permission (
    id integer NOT NULL,
    name character varying(255) NOT NULL,
    content_type_id integer NOT NULL,
    codename character varying(100) NOT NULL
);


ALTER TABLE public.auth_permission OWNER TO postgres;

--
-- Name: auth_permission_id_seq; Type: SEQUENCE; Schema: public; Owner: postgres
--

ALTER TABLE public.auth_permission ALTER COLUMN id ADD GENERATED BY DEFAULT AS IDENTITY (
    SEQUENCE NAME public.auth_permission_id_seq
    START WITH 1
    INCREMENT BY 1
    NO MINVALUE
    NO MAXVALUE
    CACHE 1
);


--
-- Name: core_asistencia; Type: TABLE; Schema: public; Owner: postgres
--

CREATE TABLE public.core_asistencia (
    id bigint NOT NULL,
    fecha date NOT NULL,
    presente boolean NOT NULL,
    alumno_id bigint NOT NULL,
    clase_id bigint NOT NULL
);


ALTER TABLE public.core_asistencia OWNER TO postgres;

--
-- Name: core_asistencia_id_seq; Type: SEQUENCE; Schema: public; Owner: postgres
--

ALTER TABLE public.core_asistencia ALTER COLUMN id ADD GENERATED BY DEFAULT AS IDENTITY (
    SEQUENCE NAME public.core_asistencia_id_seq
    START WITH 1
    INCREMENT BY 1
    NO MINVALUE
    NO MAXVALUE
    CACHE 1
);


--
-- Name: core_clase; Type: TABLE; Schema: public; Owner: postgres
--

CREATE TABLE public.core_clase (
    id bigint NOT NULL,
    total_sesiones integer NOT NULL,
    periodo_id bigint,
    nivel_id bigint,
    nombre character varying(100),
    profesor_asistente_id bigint,
    profesor_titular_id bigint,
    CONSTRAINT core_clase_total_sesiones_check CHECK ((total_sesiones >= 0))
);


ALTER TABLE public.core_clase OWNER TO postgres;

--
-- Name: core_clase_alumnos; Type: TABLE; Schema: public; Owner: postgres
--

CREATE TABLE public.core_clase_alumnos (
    id bigint NOT NULL,
    clase_id bigint NOT NULL,
    usuario_id bigint NOT NULL
);


ALTER TABLE public.core_clase_alumnos OWNER TO postgres;

--
-- Name: core_clase_alumnos_id_seq; Type: SEQUENCE; Schema: public; Owner: postgres
--

ALTER TABLE public.core_clase_alumnos ALTER COLUMN id ADD GENERATED BY DEFAULT AS IDENTITY (
    SEQUENCE NAME public.core_clase_alumnos_id_seq
    START WITH 1
    INCREMENT BY 1
    NO MINVALUE
    NO MAXVALUE
    CACHE 1
);


--
-- Name: core_clase_horarios; Type: TABLE; Schema: public; Owner: postgres
--

CREATE TABLE public.core_clase_horarios (
    id bigint NOT NULL,
    clase_id bigint NOT NULL,
    horario_id bigint NOT NULL
);


ALTER TABLE public.core_clase_horarios OWNER TO postgres;

--
-- Name: core_clase_horarios_id_seq; Type: SEQUENCE; Schema: public; Owner: postgres
--

ALTER TABLE public.core_clase_horarios ALTER COLUMN id ADD GENERATED BY DEFAULT AS IDENTITY (
    SEQUENCE NAME public.core_clase_horarios_id_seq
    START WITH 1
    INCREMENT BY 1
    NO MINVALUE
    NO MAXVALUE
    CACHE 1
);


--
-- Name: core_clase_id_seq; Type: SEQUENCE; Schema: public; Owner: postgres
--

ALTER TABLE public.core_clase ALTER COLUMN id ADD GENERATED BY DEFAULT AS IDENTITY (
    SEQUENCE NAME public.core_clase_id_seq
    START WITH 1
    INCREMENT BY 1
    NO MINVALUE
    NO MAXVALUE
    CACHE 1
);


--
-- Name: core_horario; Type: TABLE; Schema: public; Owner: postgres
--

CREATE TABLE public.core_horario (
    id bigint NOT NULL,
    dia character varying(16) NOT NULL,
    hora time without time zone NOT NULL
);


ALTER TABLE public.core_horario OWNER TO postgres;

--
-- Name: core_horario_id_seq; Type: SEQUENCE; Schema: public; Owner: postgres
--

ALTER TABLE public.core_horario ALTER COLUMN id ADD GENERATED BY DEFAULT AS IDENTITY (
    SEQUENCE NAME public.core_horario_id_seq
    START WITH 1
    INCREMENT BY 1
    NO MINVALUE
    NO MAXVALUE
    CACHE 1
);


--
-- Name: core_nivel; Type: TABLE; Schema: public; Owner: postgres
--

CREATE TABLE public.core_nivel (
    id bigint NOT NULL,
    nombre character varying(50) NOT NULL
);


ALTER TABLE public.core_nivel OWNER TO postgres;

--
-- Name: core_nivel_id_seq; Type: SEQUENCE; Schema: public; Owner: postgres
--

ALTER TABLE public.core_nivel ALTER COLUMN id ADD GENERATED BY DEFAULT AS IDENTITY (
    SEQUENCE NAME public.core_nivel_id_seq
    START WITH 1
    INCREMENT BY 1
    NO MINVALUE
    NO MAXVALUE
    CACHE 1
);


--
-- Name: core_nota; Type: TABLE; Schema: public; Owner: postgres
--

CREATE TABLE public.core_nota (
    id bigint NOT NULL,
    nota1 numeric(4,2) NOT NULL,
    nota2 numeric(4,2) NOT NULL,
    nota3 numeric(4,2) NOT NULL,
    nota4 numeric(4,2) NOT NULL,
    alumno_id bigint NOT NULL,
    clase_id bigint NOT NULL
);


ALTER TABLE public.core_nota OWNER TO postgres;

--
-- Name: core_nota_id_seq; Type: SEQUENCE; Schema: public; Owner: postgres
--

ALTER TABLE public.core_nota ALTER COLUMN id ADD GENERATED BY DEFAULT AS IDENTITY (
    SEQUENCE NAME public.core_nota_id_seq
    START WITH 1
    INCREMENT BY 1
    NO MINVALUE
    NO MAXVALUE
    CACHE 1
);


--
-- Name: core_periodoacademico; Type: TABLE; Schema: public; Owner: postgres
--

CREATE TABLE public.core_periodoacademico (
    id bigint NOT NULL,
    nombre character varying(100) NOT NULL,
    anio integer NOT NULL,
    fecha_inicio date NOT NULL,
    fecha_fin date NOT NULL,
    activo boolean NOT NULL,
    CONSTRAINT core_periodoacademico_anio_check CHECK ((anio >= 0))
);


ALTER TABLE public.core_periodoacademico OWNER TO postgres;

--
-- Name: core_periodoacademico_id_seq; Type: SEQUENCE; Schema: public; Owner: postgres
--

ALTER TABLE public.core_periodoacademico ALTER COLUMN id ADD GENERATED BY DEFAULT AS IDENTITY (
    SEQUENCE NAME public.core_periodoacademico_id_seq
    START WITH 1
    INCREMENT BY 1
    NO MINVALUE
    NO MAXVALUE
    CACHE 1
);


--
-- Name: core_sesionclase; Type: TABLE; Schema: public; Owner: postgres
--

CREATE TABLE public.core_sesionclase (
    id bigint NOT NULL,
    fecha date NOT NULL,
    clase_id bigint NOT NULL
);


ALTER TABLE public.core_sesionclase OWNER TO postgres;

--
-- Name: core_sesionclase_id_seq; Type: SEQUENCE; Schema: public; Owner: postgres
--

ALTER TABLE public.core_sesionclase ALTER COLUMN id ADD GENERATED BY DEFAULT AS IDENTITY (
    SEQUENCE NAME public.core_sesionclase_id_seq
    START WITH 1
    INCREMENT BY 1
    NO MINVALUE
    NO MAXVALUE
    CACHE 1
);


--
-- Name: core_usuario; Type: TABLE; Schema: public; Owner: postgres
--

CREATE TABLE public.core_usuario (
    id bigint NOT NULL,
    password character varying(128) NOT NULL,
    last_login timestamp with time zone,
    is_superuser boolean NOT NULL,
    username character varying(150) NOT NULL,
    first_name character varying(150) NOT NULL,
    last_name character varying(150) NOT NULL,
    email character varying(254) NOT NULL,
    is_staff boolean NOT NULL,
    is_active boolean NOT NULL,
    date_joined timestamp with time zone NOT NULL,
    rol character varying(20) NOT NULL,
    alergias text NOT NULL,
    bautizado boolean NOT NULL,
    direccion character varying(255) NOT NULL,
    fecha_nacimiento date,
    grupo_sanguineo character varying(5) NOT NULL,
    interesado boolean NOT NULL,
    nuevo_creyente boolean NOT NULL,
    telefono character varying(20) NOT NULL,
    tiene_ministerio boolean NOT NULL
);


ALTER TABLE public.core_usuario OWNER TO postgres;

--
-- Name: core_usuario_groups; Type: TABLE; Schema: public; Owner: postgres
--

CREATE TABLE public.core_usuario_groups (
    id bigint NOT NULL,
    usuario_id bigint NOT NULL,
    group_id integer NOT NULL
);


ALTER TABLE public.core_usuario_groups OWNER TO postgres;

--
-- Name: core_usuario_groups_id_seq; Type: SEQUENCE; Schema: public; Owner: postgres
--

ALTER TABLE public.core_usuario_groups ALTER COLUMN id ADD GENERATED BY DEFAULT AS IDENTITY (
    SEQUENCE NAME public.core_usuario_groups_id_seq
    START WITH 1
    INCREMENT BY 1
    NO MINVALUE
    NO MAXVALUE
    CACHE 1
);


--
-- Name: core_usuario_id_seq; Type: SEQUENCE; Schema: public; Owner: postgres
--

ALTER TABLE public.core_usuario ALTER COLUMN id ADD GENERATED BY DEFAULT AS IDENTITY (
    SEQUENCE NAME public.core_usuario_id_seq
    START WITH 1
    INCREMENT BY 1
    NO MINVALUE
    NO MAXVALUE
    CACHE 1
);


--
-- Name: core_usuario_user_permissions; Type: TABLE; Schema: public; Owner: postgres
--

CREATE TABLE public.core_usuario_user_permissions (
    id bigint NOT NULL,
    usuario_id bigint NOT NULL,
    permission_id integer NOT NULL
);


ALTER TABLE public.core_usuario_user_permissions OWNER TO postgres;

--
-- Name: core_usuario_user_permissions_id_seq; Type: SEQUENCE; Schema: public; Owner: postgres
--

ALTER TABLE public.core_usuario_user_permissions ALTER COLUMN id ADD GENERATED BY DEFAULT AS IDENTITY (
    SEQUENCE NAME public.core_usuario_user_permissions_id_seq
    START WITH 1
    INCREMENT BY 1
    NO MINVALUE
    NO MAXVALUE
    CACHE 1
);


--
-- Name: django_admin_log; Type: TABLE; Schema: public; Owner: postgres
--

CREATE TABLE public.django_admin_log (
    id integer NOT NULL,
    action_time timestamp with time zone NOT NULL,
    object_id text,
    object_repr character varying(200) NOT NULL,
    action_flag smallint NOT NULL,
    change_message text NOT NULL,
    content_type_id integer,
    user_id bigint NOT NULL,
    CONSTRAINT django_admin_log_action_flag_check CHECK ((action_flag >= 0))
);


ALTER TABLE public.django_admin_log OWNER TO postgres;

--
-- Name: django_admin_log_id_seq; Type: SEQUENCE; Schema: public; Owner: postgres
--

ALTER TABLE public.django_admin_log ALTER COLUMN id ADD GENERATED BY DEFAULT AS IDENTITY (
    SEQUENCE NAME public.django_admin_log_id_seq
    START WITH 1
    INCREMENT BY 1
    NO MINVALUE
    NO MAXVALUE
    CACHE 1
);


--
-- Name: django_content_type; Type: TABLE; Schema: public; Owner: postgres
--

CREATE TABLE public.django_content_type (
    id integer NOT NULL,
    app_label character varying(100) NOT NULL,
    model character varying(100) NOT NULL
);


ALTER TABLE public.django_content_type OWNER TO postgres;

--
-- Name: django_content_type_id_seq; Type: SEQUENCE; Schema: public; Owner: postgres
--

ALTER TABLE public.django_content_type ALTER COLUMN id ADD GENERATED BY DEFAULT AS IDENTITY (
    SEQUENCE NAME public.django_content_type_id_seq
    START WITH 1
    INCREMENT BY 1
    NO MINVALUE
    NO MAXVALUE
    CACHE 1
);


--
-- Name: django_migrations; Type: TABLE; Schema: public; Owner: postgres
--

CREATE TABLE public.django_migrations (
    id bigint NOT NULL,
    app character varying(255) NOT NULL,
    name character varying(255) NOT NULL,
    applied timestamp with time zone NOT NULL
);


ALTER TABLE public.django_migrations OWNER TO postgres;

--
-- Name: django_migrations_id_seq; Type: SEQUENCE; Schema: public; Owner: postgres
--

ALTER TABLE public.django_migrations ALTER COLUMN id ADD GENERATED BY DEFAULT AS IDENTITY (
    SEQUENCE NAME public.django_migrations_id_seq
    START WITH 1
    INCREMENT BY 1
    NO MINVALUE
    NO MAXVALUE
    CACHE 1
);


--
-- Name: django_session; Type: TABLE; Schema: public; Owner: postgres
--

CREATE TABLE public.django_session (
    session_key character varying(40) NOT NULL,
    session_data text NOT NULL,
    expire_date timestamp with time zone NOT NULL
);


ALTER TABLE public.django_session OWNER TO postgres;

--
-- Data for Name: auth_group; Type: TABLE DATA; Schema: public; Owner: postgres
--

COPY public.auth_group (id, name) FROM stdin;
\.


--
-- Data for Name: auth_group_permissions; Type: TABLE DATA; Schema: public; Owner: postgres
--

COPY public.auth_group_permissions (id, group_id, permission_id) FROM stdin;
\.


--
-- Data for Name: auth_permission; Type: TABLE DATA; Schema: public; Owner: postgres
--

COPY public.auth_permission (id, name, content_type_id, codename) FROM stdin;
1	Can add log entry	1	add_logentry
2	Can change log entry	1	change_logentry
3	Can delete log entry	1	delete_logentry
4	Can view log entry	1	view_logentry
5	Can add permission	2	add_permission
6	Can change permission	2	change_permission
7	Can delete permission	2	delete_permission
8	Can view permission	2	view_permission
9	Can add group	3	add_group
10	Can change group	3	change_group
11	Can delete group	3	delete_group
12	Can view group	3	view_group
13	Can add content type	4	add_contenttype
14	Can change content type	4	change_contenttype
15	Can delete content type	4	delete_contenttype
16	Can view content type	4	view_contenttype
17	Can add session	5	add_session
18	Can change session	5	change_session
19	Can delete session	5	delete_session
20	Can view session	5	view_session
21	Can add curso	6	add_curso
22	Can change curso	6	change_curso
23	Can delete curso	6	delete_curso
24	Can view curso	6	view_curso
25	Can add horario	7	add_horario
26	Can change horario	7	change_horario
27	Can delete horario	7	delete_horario
28	Can view horario	7	view_horario
29	Can add nivel	8	add_nivel
30	Can change nivel	8	change_nivel
31	Can delete nivel	8	delete_nivel
32	Can view nivel	8	view_nivel
33	Can add periodo academico	9	add_periodoacademico
34	Can change periodo academico	9	change_periodoacademico
35	Can delete periodo academico	9	delete_periodoacademico
36	Can view periodo academico	9	view_periodoacademico
37	Can add user	10	add_usuario
38	Can change user	10	change_usuario
39	Can delete user	10	delete_usuario
40	Can view user	10	view_usuario
41	Can add clase	11	add_clase
42	Can change clase	11	change_clase
43	Can delete clase	11	delete_clase
44	Can view clase	11	view_clase
45	Can add nota	12	add_nota
46	Can change nota	12	change_nota
47	Can delete nota	12	delete_nota
48	Can view nota	12	view_nota
49	Can add profesor curso	13	add_profesorcurso
50	Can change profesor curso	13	change_profesorcurso
51	Can delete profesor curso	13	delete_profesorcurso
52	Can view profesor curso	13	view_profesorcurso
53	Can add asistencia	14	add_asistencia
54	Can change asistencia	14	change_asistencia
55	Can delete asistencia	14	delete_asistencia
56	Can view asistencia	14	view_asistencia
57	Can add sesion clase	15	add_sesionclase
58	Can change sesion clase	15	change_sesionclase
59	Can delete sesion clase	15	delete_sesionclase
60	Can view sesion clase	15	view_sesionclase
\.


--
-- Data for Name: core_asistencia; Type: TABLE DATA; Schema: public; Owner: postgres
--

COPY public.core_asistencia (id, fecha, presente, alumno_id, clase_id) FROM stdin;
86	2025-07-04	t	3	1
87	2025-07-05	t	3	1
88	2025-07-06	f	3	1
89	2025-07-01	t	7	3
90	2025-07-02	t	7	3
91	2025-07-03	t	7	3
92	2025-07-04	t	7	3
93	2025-07-05	t	7	3
94	2025-07-06	t	7	3
95	2025-07-07	t	7	3
96	2025-07-08	t	7	3
98	2025-07-02	t	4	4
99	2025-07-03	t	4	4
100	2025-07-04	t	4	4
101	2025-07-05	t	4	4
102	2025-07-07	f	4	4
103	2025-07-06	t	4	4
97	2025-07-01	f	4	4
105	2025-06-01	f	3	1
106	2025-06-01	f	8	1
107	2025-06-30	f	3	1
108	2025-06-30	f	8	1
109	2025-06-29	f	3	1
110	2025-06-29	f	8	1
111	2025-06-28	f	3	1
112	2025-06-28	f	8	1
113	2025-06-27	f	3	1
114	2025-06-27	f	8	1
115	2025-06-26	f	3	1
116	2025-06-26	f	8	1
117	2025-06-25	f	3	1
118	2025-06-25	f	8	1
83	2025-07-01	f	3	1
104	2025-07-01	t	8	1
84	2025-07-02	t	3	1
119	2025-07-02	t	8	1
85	2025-07-03	t	3	1
120	2025-07-03	t	8	1
121	2025-07-04	f	8	1
122	2025-07-05	f	8	1
123	2025-07-13	f	7	3
124	2025-07-20	f	7	3
125	2025-07-27	f	7	3
126	2025-08-03	f	7	3
127	2025-08-10	f	7	3
128	2025-08-17	f	7	3
129	2025-08-24	f	7	3
130	2025-07-09	f	4	4
131	2025-07-16	f	4	4
132	2025-07-23	f	4	4
133	2025-07-30	f	4	4
134	2025-08-06	f	4	4
135	2025-08-13	f	4	4
136	2025-08-20	f	4	4
\.


--
-- Data for Name: core_clase; Type: TABLE DATA; Schema: public; Owner: postgres
--

COPY public.core_clase (id, total_sesiones, periodo_id, nivel_id, nombre, profesor_asistente_id, profesor_titular_id) FROM stdin;
4	8	1	1	Mi Nueva Alianza con Dios M	\N	2
3	8	1	1	Mi Nueva Alianza con Dios D	\N	2
1	5	1	2	Apologética	\N	2
\.


--
-- Data for Name: core_clase_alumnos; Type: TABLE DATA; Schema: public; Owner: postgres
--

COPY public.core_clase_alumnos (id, clase_id, usuario_id) FROM stdin;
25	1	3
28	4	4
29	3	7
30	1	8
\.


--
-- Data for Name: core_clase_horarios; Type: TABLE DATA; Schema: public; Owner: postgres
--

COPY public.core_clase_horarios (id, clase_id, horario_id) FROM stdin;
2	3	2
3	1	3
5	4	1
\.


--
-- Data for Name: core_horario; Type: TABLE DATA; Schema: public; Owner: postgres
--

COPY public.core_horario (id, dia, hora) FROM stdin;
3	Lunes a Viernes	19:00:00
2	Domingo	17:00:00
1	Martes	19:00:00
\.


--
-- Data for Name: core_nivel; Type: TABLE DATA; Schema: public; Owner: postgres
--

COPY public.core_nivel (id, nombre) FROM stdin;
1	Básico
2	Semana con la Biblia
\.


--
-- Data for Name: core_nota; Type: TABLE DATA; Schema: public; Owner: postgres
--

COPY public.core_nota (id, nota1, nota2, nota3, nota4, alumno_id, clase_id) FROM stdin;
11	13.00	14.00	17.00	16.00	4	4
9	15.00	16.00	18.00	20.00	3	1
12	14.00	13.00	16.00	15.00	8	1
10	10.00	8.00	12.00	11.00	7	3
\.


--
-- Data for Name: core_periodoacademico; Type: TABLE DATA; Schema: public; Owner: postgres
--

COPY public.core_periodoacademico (id, nombre, anio, fecha_inicio, fecha_fin, activo) FROM stdin;
1	2025 - II	2025	2025-07-01	2025-08-19	t
\.


--
-- Data for Name: core_sesionclase; Type: TABLE DATA; Schema: public; Owner: postgres
--

COPY public.core_sesionclase (id, fecha, clase_id) FROM stdin;
1	2025-07-02	4
2	2025-07-09	4
3	2025-07-16	4
4	2025-07-23	4
5	2025-07-30	4
6	2025-08-06	4
7	2025-08-13	4
8	2025-08-20	4
9	2025-07-06	3
10	2025-07-13	3
11	2025-07-20	3
12	2025-07-27	3
13	2025-08-03	3
14	2025-08-10	3
15	2025-08-17	3
16	2025-08-24	3
17	2025-07-01	1
18	2025-07-02	1
19	2025-07-03	1
20	2025-07-04	1
21	2025-07-05	1
\.


--
-- Data for Name: core_usuario; Type: TABLE DATA; Schema: public; Owner: postgres
--

COPY public.core_usuario (id, password, last_login, is_superuser, username, first_name, last_name, email, is_staff, is_active, date_joined, rol, alergias, bautizado, direccion, fecha_nacimiento, grupo_sanguineo, interesado, nuevo_creyente, telefono, tiene_ministerio) FROM stdin;
1	pbkdf2_sha256$1000000$RYQl1IRuZTjRCkehMAFxlp$6+RcYsb0fU+h2CE135VD3/VGpWuS0b4xTMcB/hK93AI=	2025-07-01 12:37:18.875829-05	t	Miguel	Miguel Angel	Torres Gallardo	michael_angello@hotmail.com	t	t	2025-06-26 21:28:00-05	director	ninguna	t	Urb. Cultura Peruana Moderna Mz.A27 Lt.15	1976-10-26	O+	f	f	904586438	t
4	pbkdf2_sha256$1000000$f82EwQbrV48jqXyU4D85GL$QygfCArzVRBQgEMqLyUe3vDRy2UPSeeaHT14FriT9KU=	\N	f	Hernando	Hernando	Torres Gallardo	hernandotg@hotmail.com	f	t	2025-06-26 23:36:43-05	alumno	Ninguna	f	Urb. Cultura Peruana Moderna Mz.A27 Lt.15	1975-02-08	O+	f	t	966504746	f
3	pbkdf2_sha256$1000000$0D4arGNVbZArMOR2k9nls9$irHW5y6cWmWc1cCQ5P08qJJK8JynIDIr9v00DmZQ88Y=	\N	f	Noemi	Noemi Lulú	Torres Gallardo	ntorresg@gmail.com	f	t	2025-06-26 21:29:27-05	alumno	Ninguna	t	Urb. Cultura Peruana Moderna Mz.A27 Lt.15	1982-07-01	O+	f	f	957520330	f
7	pbkdf2_sha256$1000000$Eiu3qE5GrGBrOUJNrOb8ai$4TPJ96unp7mZyLsxqifHD9li1uD732+rbr47si0DfnQ=	\N	f	Juan	Juan Pablo	Sancho Torres	juanpst@gmail.com	f	t	2025-06-29 10:36:54-05	alumno	Ninguna	t	Urb. Cultura Peruana Moderna Mz.A27 Lt.15	1990-10-30	O+	f	f	987654321	t
2	pbkdf2_sha256$1000000$dH2thNJzVy6DBwFxTT8Hog$KMqOhtz0rlmK8Pw0vUePGrJImt3OZgSs+Z4zkhng4tY=	\N	f	Ruben	Ruben Dario	Torres Gallardo	rubentg@gmail.com	f	t	2025-06-26 21:28:46-05	profesor	Ninguna	t	Urb. Cultura Peruana Moderna Mz.A27 Lt.15	1978-11-04	O+	f	f	975715905	t
8	pbkdf2_sha256$1000000$A921463rdOsrZiFgEBlzfA$+WIGcYM3u2KbOnn5OCaGTJV7pE+W2l0AyKjvmtBsZjQ=	\N	f	Pedro	Pedro Manuel	Gutierrez Solano	pgsolano@gmail.com	f	t	2025-07-01 17:06:27.491339-05	alumno	Ninguna	f	Urb. Cultura Peruana Moderna Mz.A27 Lt.15	1993-10-20	O+	t	f	989951458	f
\.


--
-- Data for Name: core_usuario_groups; Type: TABLE DATA; Schema: public; Owner: postgres
--

COPY public.core_usuario_groups (id, usuario_id, group_id) FROM stdin;
\.


--
-- Data for Name: core_usuario_user_permissions; Type: TABLE DATA; Schema: public; Owner: postgres
--

COPY public.core_usuario_user_permissions (id, usuario_id, permission_id) FROM stdin;
\.


--
-- Data for Name: django_admin_log; Type: TABLE DATA; Schema: public; Owner: postgres
--

COPY public.django_admin_log (id, action_time, object_id, object_repr, action_flag, change_message, content_type_id, user_id) FROM stdin;
1	2025-06-26 21:28:47.725977-05	2	ruben ()	1	[{"added": {}}]	10	1
2	2025-06-26 21:28:54.794636-05	2	ruben (Profesor)	2	[{"changed": {"fields": ["Rol"]}}]	10	1
3	2025-06-26 21:29:28.693442-05	3	noemi ()	1	[{"added": {}}]	10	1
4	2025-06-26 21:29:35.937581-05	3	noemi (Alumno)	2	[{"changed": {"fields": ["Rol"]}}]	10	1
5	2025-06-26 21:30:10.523425-05	1	2025 - II (2025)	1	[{"added": {}}]	9	1
6	2025-06-26 21:30:34.231503-05	1	Básico	1	[{"added": {}}]	8	1
7	2025-06-26 21:30:38.416118-05	1	Básico	2	[]	8	1
8	2025-06-26 21:30:55.751769-05	1	Mi Nueva Alianza con Dios (Básico)	1	[{"added": {}}]	6	1
9	2025-06-26 21:31:29.950848-05	1	Martes - 07:00 PM	1	[{"added": {}}]	7	1
10	2025-06-26 21:32:05.40901-05	1	Mi Nueva Alianza con Dios (Básico) | Titular: ruben (Profesor)	1	[{"added": {}}]	13	1
11	2025-06-26 21:32:20.534601-05	1	Clase de Mi Nueva Alianza con Dios (Básico) - 2025 - II (2025)	1	[{"added": {}}]	11	1
12	2025-06-26 21:32:36.314133-05	1	Martes - 07:00 PM	2	[]	7	1
13	2025-06-26 23:07:16.32156-05	1	Clase de Mi Nueva Alianza con Dios (Básico) - 2025 - II (2025)	2	[]	11	1
14	2025-06-26 23:13:34.313034-05	1	noemi - Presente (2025-06-27)	1	[{"added": {}}]	14	1
15	2025-06-26 23:26:02.862541-05	1	noemi - Ausente (2025-06-27)	2	[{"changed": {"fields": ["Presente"]}}]	14	1
16	2025-06-26 23:26:12.888483-05	1	noemi - Ausente (2025-06-27)	3		14	1
17	2025-06-26 23:33:33.752552-05	2	noemi - Ausente (2025-06-27)	3		14	1
18	2025-06-26 23:34:50.854274-05	2	Domingo - 03:00 PM	1	[{"added": {}}]	7	1
19	2025-06-26 23:35:11.063284-05	2	Domingo - 05:00 PM	2	[{"changed": {"fields": ["Hora"]}}]	7	1
20	2025-06-26 23:35:59.774308-05	2	Mi Nueva Alianza con Dios (Básico) | Titular: ruben (Profesor)	1	[{"added": {}}]	13	1
21	2025-06-26 23:36:12.534805-05	2	Mi Nueva Alianza con Dios (Básico) | Titular: ruben (Profesor)	2	[]	13	1
22	2025-06-26 23:36:44.815629-05	4	hernan ()	1	[{"added": {}}]	10	1
23	2025-06-26 23:36:51.517719-05	4	hernan (Alumno)	2	[{"changed": {"fields": ["Rol"]}}]	10	1
24	2025-06-26 23:37:16.736059-05	2	Clase de Mi Nueva Alianza con Dios (Básico) - 2025 - II (2025)	1	[{"added": {}}]	11	1
25	2025-06-26 23:37:29.473966-05	2	Clase de Mi Nueva Alianza con Dios (Básico) - 2025 - II (2025)	2	[]	11	1
26	2025-06-26 23:37:38.784191-05	2	Clase de Mi Nueva Alianza con Dios (Básico) - 2025 - II (2025)	2	[]	11	1
27	2025-06-27 01:13:07.883243-05	9	noemi - Presente (2025-08-05)	3		14	1
28	2025-06-27 10:03:35.707081-05	1	miguel (Director Académico)	2	[{"changed": {"fields": ["Rol"]}}]	10	1
29	2025-06-27 14:29:06.939623-05	2	General	1	[{"added": {}}]	8	1
30	2025-06-27 14:29:29.293699-05	2	Apologética (General)	1	[{"added": {}}]	6	1
31	2025-06-27 14:30:35.025327-05	3	Apologética (General) | Titular: ruben (Profesor)	1	[{"added": {}}]	13	1
32	2025-06-27 14:31:54.084093-05	3	Clase de Apologética (General) - 2025 - II (2025)	1	[{"added": {}}]	11	1
33	2025-06-27 14:32:29.03075-05	2	Semana con la biblia	2	[{"changed": {"fields": ["Nombre"]}}]	8	1
34	2025-06-27 14:33:00.825538-05	3	Clase de Apologética (Semana con la biblia) - 2025 - II (2025)	2	[]	11	1
35	2025-06-27 16:31:47.583421-05	2	Semana con la Biblia	2	[{"changed": {"fields": ["Nombre"]}}]	8	1
36	2025-06-28 21:01:24.546174-05	1	miguel (Director Académico)	2	[{"changed": {"fields": ["Email address", "Fecha nacimiento", "Direccion", "Telefono", "Grupo sanguineo", "Alergias", "Tiene ministerio", "Otros"]}}]	10	1
37	2025-06-28 21:01:46.686521-05	1	miguel (Director Académico)	2	[{"changed": {"fields": ["First name", "Last name"]}}]	10	1
38	2025-06-28 21:04:36.310182-05	4	Hernando (Alumno)	2	[{"changed": {"fields": ["Username", "First name", "Last name", "Email address", "Fecha nacimiento", "Direccion", "Telefono", "Grupo sanguineo", "Alergias", "Tiene ministerio", "Otros"]}}]	10	1
39	2025-06-28 21:06:45.589571-05	3	Noemi (Alumno)	2	[{"changed": {"fields": ["Username", "First name", "Last name", "Email address", "Fecha nacimiento", "Direccion", "Telefono", "Grupo sanguineo", "Alergias", "Bautizado", "Tiene ministerio", "Otros"]}}]	10	1
40	2025-06-28 21:07:11.376938-05	1	Miguel (Director Académico)	2	[{"changed": {"fields": ["Username", "Bautizado"]}}]	10	1
41	2025-06-28 21:07:20.531447-05	4	Hernando (Alumno)	2	[{"changed": {"fields": ["Bautizado"]}}]	10	1
42	2025-06-28 21:11:18.195732-05	2	Ruben (Profesor)	2	[{"changed": {"fields": ["Username", "First name", "Last name", "Email address", "Fecha nacimiento", "Direccion", "Telefono", "Grupo sanguineo", "Alergias", "Bautizado", "Tiene ministerio", "Otros"]}}]	10	1
43	2025-06-28 23:49:19.335645-05	1	Clase de Mi Nueva Alianza con Dios (Básico) - 2025 - II (2025)	2	[{"changed": {"fields": ["Alumnos"]}}]	11	1
44	2025-06-28 23:49:46.076376-05	2	Clase de Mi Nueva Alianza con Dios (Básico) - 2025 - II (2025)	2	[{"changed": {"fields": ["Alumnos"]}}]	11	1
45	2025-06-28 23:49:51.268782-05	1	Clase de Mi Nueva Alianza con Dios (Básico) - 2025 - II (2025)	2	[]	11	1
46	2025-06-29 00:16:33.840373-05	3	Clase de Apologética (Semana con la Biblia) - 2025 - II (2025)	2	[{"changed": {"fields": ["Alumnos"]}}]	11	1
47	2025-06-29 00:18:02.628857-05	3	Clase de Apologética (Semana con la Biblia) - 2025 - II (2025)	2	[{"changed": {"fields": ["Alumnos"]}}]	11	1
48	2025-06-29 00:18:14.121391-05	2	Clase de Mi Nueva Alianza con Dios (Básico) - 2025 - II (2025)	2	[{"changed": {"fields": ["Alumnos"]}}]	11	1
49	2025-06-29 00:18:20.86407-05	3	Clase de Apologética (Semana con la Biblia) - 2025 - II (2025)	2	[{"changed": {"fields": ["Alumnos"]}}]	11	1
50	2025-06-29 00:18:25.092478-05	1	Clase de Mi Nueva Alianza con Dios (Básico) - 2025 - II (2025)	2	[]	11	1
51	2025-06-29 00:19:05.082707-05	3	Clase de Apologética (Semana con la Biblia) - 2025 - II (2025)	2	[{"changed": {"fields": ["Alumnos"]}}]	11	1
52	2025-06-29 00:19:11.096135-05	2	Clase de Mi Nueva Alianza con Dios (Básico) - 2025 - II (2025)	2	[]	11	1
53	2025-06-29 00:19:16.52094-05	1	Clase de Mi Nueva Alianza con Dios (Básico) - 2025 - II (2025)	2	[{"changed": {"fields": ["Alumnos"]}}]	11	1
54	2025-06-29 03:01:30.278497-05	5	pablo (Alumno)	3		10	1
55	2025-06-29 03:01:30.278559-05	6	Pablo (Alumno)	3		10	1
56	2025-06-29 17:57:58.883164-05	1	Clase de Mi Nueva Alianza con Dios (Básico) - 2025 - II (2025)	2	[]	11	1
57	2025-06-29 17:58:05.170393-05	1	Clase de Mi Nueva Alianza con Dios (Básico) - 2025 - II (2025)	2	[]	11	1
58	2025-06-29 17:58:11.085715-05	1	Clase de Mi Nueva Alianza con Dios (Básico) - 2025 - II (2025)	2	[]	11	1
59	2025-06-29 17:58:18.687094-05	2	Clase de Mi Nueva Alianza con Dios (Básico) - 2025 - II (2025)	2	[]	11	1
60	2025-06-30 12:21:53.625791-05	3	Lunes-Viernes - 07:00 PM	1	[{"added": {}}]	7	1
61	2025-06-30 12:22:11.517921-05	3	Clase de Apologética (Semana con la Biblia) - 2025 - II (2025)	2	[{"changed": {"fields": ["Horarios"]}}]	11	1
62	2025-06-30 12:22:23.716393-05	3	Clase de Apologética (Semana con la Biblia) - 2025 - II (2025)	2	[{"changed": {"fields": ["Alumnos"]}}]	11	1
63	2025-06-30 12:25:38.437674-05	3	Mi Nueva Alianza con Dios D (Básico)	1	[{"added": {}}]	6	1
64	2025-06-30 12:25:49.87646-05	1	Mi Nueva Alianza con Dios M (Básico)	2	[{"changed": {"fields": ["Nombre"]}}]	6	1
65	2025-06-30 12:26:30.413642-05	2	Clase de Mi Nueva Alianza con Dios D (Básico) - 2025 - II (2025)	2	[{"changed": {"fields": ["Curso"]}}]	11	1
66	2025-06-30 12:36:50.052654-05	1	Clase de Mi Nueva Alianza con Dios M (Básico) - 2025 - II (2025)	2	[{"changed": {"fields": ["Alumnos"]}}]	11	1
67	2025-06-30 12:37:12.318403-05	2	Clase de Mi Nueva Alianza con Dios D (Básico) - 2025 - II (2025)	2	[{"changed": {"fields": ["Alumnos"]}}]	11	1
68	2025-06-30 12:37:27.775193-05	2	Clase de Mi Nueva Alianza con Dios D (Básico) - 2025 - II (2025)	3		11	1
69	2025-06-30 12:37:48.137045-05	3	Mi Nueva Alianza con Dios D (Básico)	3		6	1
70	2025-06-30 12:37:57.80807-05	1	Mi Nueva Alianza con Dios (Básico)	2	[{"changed": {"fields": ["Nombre"]}}]	6	1
71	2025-06-30 12:38:34.110616-05	1	Clase de Mi Nueva Alianza con Dios (Básico) - 2025 - II (2025)	2	[]	11	1
72	2025-06-30 12:39:31.58688-05	2	Mi Nueva Alianza con Dios (Básico) | Titular: Ruben (Profesor)	2	[]	13	1
73	2025-06-30 12:40:36.012486-05	2	Mi Nueva Alianza con Dios (Básico) | Titular: Ruben (Profesor)	3		13	1
74	2025-06-30 12:40:55.403609-05	1	Clase de Mi Nueva Alianza con Dios (Básico) - 2025 - II (2025)	2	[{"changed": {"fields": ["Alumnos"]}}]	11	1
75	2025-06-30 12:45:22.157948-05	4	Mi Nueva Alianza con Dios (Básico) | Titular: Ruben (Profesor)	1	[{"added": {}}]	13	1
76	2025-06-30 12:46:31.229377-05	4	Mi Nueva Alianza con Dios (Básico) | Titular: Ruben (Profesor)	3		13	1
77	2025-06-30 14:15:59.200886-05	1	Mi Nueva Alianza con Dios (Básico) — Martes - 07:00 PM	2	[{"changed": {"fields": ["Horarios"]}}]	6	1
78	2025-06-30 14:16:17.748696-05	4	Mi Nueva Alianza con Dios (Básico) — Domingo - 05:00 PM	1	[{"added": {}}]	6	1
79	2025-06-30 14:17:49.643259-05	5	Mi Nueva Alianza con Dios (Básico) — Domingo - 05:00 PM | Titular: Ruben (Profesor)	1	[{"added": {}}]	13	1
80	2025-06-30 14:18:35.656332-05	1	II (2025)	2	[{"changed": {"fields": ["Nombre"]}}]	9	1
81	2025-06-30 14:19:18.15918-05	1	2025 - II (2025)	2	[{"changed": {"fields": ["Nombre"]}}]	9	1
82	2025-06-30 14:19:54.197768-05	4	Clase de Mi Nueva Alianza con Dios (Básico) — Domingo - 05:00 PM - 2025 - II (2025)	1	[{"added": {}}]	11	1
83	2025-06-30 14:20:20.682435-05	2	Apologética (Semana con la Biblia) — Lunes-Viernes - 07:00 PM	2	[{"changed": {"fields": ["Horarios"]}}]	6	1
84	2025-06-30 15:21:09.221984-05	4	Clase de Mi Nueva Alianza con Dios (Básico) — Domingo - 05:00 PM - 2025 - II (2025)	2	[{"changed": {"fields": ["Alumnos"]}}]	11	1
85	2025-06-30 15:21:16.587352-05	1	Clase de Mi Nueva Alianza con Dios (Básico) — Martes - 07:00 PM - 2025 - II (2025)	2	[{"changed": {"fields": ["Alumnos"]}}]	11	1
86	2025-06-30 15:21:23.939312-05	3	Clase de Apologética (Semana con la Biblia) — Lunes-Viernes - 07:00 PM - 2025 - II (2025)	2	[]	11	1
87	2025-06-30 16:11:30.104775-05	4	Mi Nueva Alianza con Dios — Básico (2025 - II (2025))	2	[{"changed": {"fields": ["Nombre", "Nivel", "Horarios", "Profesor titular", "Alumnos"]}}]	11	1
88	2025-06-30 16:11:57.327795-05	3	Mi Nueva Alianza con Dios — Básico (2025 - II (2025))	2	[{"changed": {"fields": ["Nombre", "Nivel", "Horarios", "Profesor titular", "Alumnos"]}}]	11	1
89	2025-06-30 16:12:09.818526-05	3	Mi Nueva Alianza con Dios — Básico (2025 - II (2025))	2	[{"changed": {"fields": ["Total sesiones"]}}]	11	1
90	2025-06-30 16:12:19.654527-05	4	Mi Nueva Alianza con Dios — Básico (2025 - II (2025))	2	[]	11	1
91	2025-06-30 16:12:24.077223-05	4	Mi Nueva Alianza con Dios — Básico (2025 - II (2025))	2	[]	11	1
92	2025-06-30 16:12:35.62235-05	3	Mi Nueva Alianza con Dios — Básico (2025 - II (2025))	2	[]	11	1
93	2025-06-30 16:13:10.516636-05	1	Apologética — Semana con la Biblia (2025 - II (2025))	2	[{"changed": {"fields": ["Nombre", "Nivel", "Horarios", "Profesor titular", "Alumnos", "Total sesiones"]}}]	11	1
94	2025-06-30 22:47:08.706805-05	1	Miguel (Director Académico)	2	[{"changed": {"fields": ["password"]}}]	10	1
95	2025-06-30 22:55:18.82548-05	3	Lunes-Viernes - 07:00 PM	2	[{"changed": {"fields": ["Dia"]}}]	7	1
96	2025-06-30 22:55:24.032245-05	2	Domingo - 05:00 PM	2	[{"changed": {"fields": ["Dia"]}}]	7	1
97	2025-06-30 22:55:29.908487-05	1	Domingo - 07:00 PM	2	[{"changed": {"fields": ["Dia"]}}]	7	1
98	2025-06-30 22:55:37.87993-05	2	Domingo - 05:00 PM	2	[]	7	1
99	2025-06-30 22:55:42.091236-05	1	Martes - 07:00 PM	2	[{"changed": {"fields": ["Dia"]}}]	7	1
100	2025-07-01 00:02:26.46394-05	1	Apologética — Semana con la Biblia (2025 - II (2025))	2	[{"changed": {"fields": ["Alumnos"]}}]	11	1
101	2025-07-01 00:02:38.201183-05	1	Apologética — Semana con la Biblia (2025 - II (2025))	2	[{"changed": {"fields": ["Alumnos"]}}]	11	1
102	2025-07-01 00:08:14.266478-05	4	Mi Nueva Alianza con Dios — Básico (2025 - II (2025))	2	[{"changed": {"fields": ["Horarios"]}}]	11	1
103	2025-07-01 00:08:21.761137-05	4	Mi Nueva Alianza con Dios — Básico (2025 - II (2025))	2	[]	11	1
104	2025-07-01 00:08:27.35953-05	3	Mi Nueva Alianza con Dios — Básico (2025 - II (2025))	2	[]	11	1
105	2025-07-01 00:08:36.373766-05	4	Mi Nueva Alianza con Dios — Básico (2025 - II (2025))	2	[{"changed": {"fields": ["Horarios", "Alumnos"]}}]	11	1
106	2025-07-01 00:08:49.88127-05	4	Mi Nueva Alianza con Dios — Básico (2025 - II (2025))	2	[]	11	1
107	2025-07-01 00:08:56.943257-05	1	Apologética — Semana con la Biblia (2025 - II (2025))	2	[]	11	1
108	2025-07-01 00:09:17.89508-05	4	Mi Nueva Alianza con Dios M — Básico (2025 - II (2025))	2	[{"changed": {"fields": ["Nombre"]}}]	11	1
109	2025-07-01 00:09:25.688265-05	3	Mi Nueva Alianza con Dios D — Básico (2025 - II (2025))	2	[{"changed": {"fields": ["Nombre"]}}]	11	1
110	2025-07-01 00:09:52.595915-05	4	Mi Nueva Alianza con Dios M — Básico (2025 - II (2025))	2	[{"changed": {"fields": ["Alumnos"]}}]	11	1
111	2025-07-01 00:09:59.244899-05	3	Mi Nueva Alianza con Dios D — Básico (2025 - II (2025))	2	[{"changed": {"fields": ["Alumnos"]}}]	11	1
112	2025-07-01 00:10:08.623239-05	1	Apologética — Semana con la Biblia (2025 - II (2025))	2	[{"changed": {"fields": ["Alumnos"]}}]	11	1
113	2025-07-01 00:10:30.810464-05	8	Juan - Prom: 15.25 - Asist: 37.5% - Desaprobado	3		12	1
114	2025-07-01 00:10:45.03242-05	7	Noemi - Prom: 14.00 - Asist: 37.5% - Desaprobado	3		12	1
115	2025-07-01 00:10:45.033805-05	5	Hernando - Prom: 0.00 - Asist: 0.0% - Desaprobado	3		12	1
116	2025-07-01 00:10:45.035186-05	4	Hernando - Prom: 13.75 - Asist: 37.5% - Desaprobado	3		12	1
117	2025-07-01 00:10:45.036563-05	1	Noemi - Prom: 17.75 - Asist: 80.0% - Aprobado	3		12	1
118	2025-07-01 00:10:57.25172-05	82	Juan - Ausente (2025-06-02)	3		14	1
119	2025-07-01 00:10:57.251764-05	81	Hernando - Ausente (2025-06-02)	3		14	1
120	2025-07-01 00:10:57.25178-05	80	Noemi - Ausente (2025-06-02)	3		14	1
121	2025-07-01 00:10:57.251794-05	79	Juan - Presente (2025-07-01)	3		14	1
122	2025-07-01 00:10:57.251807-05	78	Juan - Ausente (2025-06-28)	3		14	1
123	2025-07-01 00:10:57.251819-05	77	Juan - Ausente (2025-06-27)	3		14	1
124	2025-07-01 00:10:57.251831-05	76	Juan - Presente (2025-06-30)	3		14	1
125	2025-07-01 00:10:57.251844-05	75	Juan - Presente (2025-06-29)	3		14	1
126	2025-07-01 00:10:57.251856-05	74	Juan - Ausente (2025-06-01)	3		14	1
127	2025-07-01 00:10:57.251868-05	73	Hernando - Ausente (2025-06-01)	3		14	1
128	2025-07-01 00:10:57.25188-05	72	Noemi - Ausente (2025-06-01)	3		14	1
129	2025-07-01 00:10:57.25189-05	71	Juan - Ausente (2025-07-27)	3		14	1
130	2025-07-01 00:10:57.251902-05	70	Hernando - Ausente (2025-07-27)	3		14	1
131	2025-07-01 00:10:57.251914-05	69	Noemi - Ausente (2025-07-27)	3		14	1
132	2025-07-01 00:10:57.251926-05	68	Juan - Ausente (2025-07-26)	3		14	1
133	2025-07-01 00:10:57.251938-05	67	Hernando - Ausente (2025-07-26)	3		14	1
134	2025-07-01 00:10:57.251951-05	66	Noemi - Ausente (2025-07-26)	3		14	1
135	2025-07-01 00:10:57.251963-05	65	Juan - Ausente (2025-07-25)	3		14	1
136	2025-07-01 00:10:57.251975-05	64	Hernando - Ausente (2025-07-25)	3		14	1
137	2025-07-01 00:10:57.251986-05	63	Noemi - Ausente (2025-07-25)	3		14	1
138	2025-07-01 00:10:57.251997-05	62	Juan - Ausente (2025-07-24)	3		14	1
139	2025-07-01 00:10:57.252009-05	61	Hernando - Ausente (2025-07-24)	3		14	1
140	2025-07-01 00:10:57.25202-05	60	Noemi - Ausente (2025-07-24)	3		14	1
141	2025-07-01 00:10:57.252031-05	59	Juan - Ausente (2025-06-26)	3		14	1
142	2025-07-01 00:10:57.252043-05	58	Hernando - Ausente (2025-06-26)	3		14	1
143	2025-07-01 00:10:57.252054-05	57	Noemi - Ausente (2025-06-26)	3		14	1
144	2025-07-01 00:10:57.252065-05	56	Juan - Ausente (2025-07-03)	3		14	1
145	2025-07-01 00:10:57.25208-05	55	Hernando - Ausente (2025-07-03)	3		14	1
146	2025-07-01 00:10:57.252092-05	54	Noemi - Ausente (2025-07-03)	3		14	1
147	2025-07-01 00:10:57.252103-05	53	Juan - Ausente (2025-07-02)	3		14	1
148	2025-07-01 00:10:57.252114-05	52	Hernando - Ausente (2025-07-02)	3		14	1
149	2025-07-01 00:10:57.252125-05	51	Noemi - Ausente (2025-07-02)	3		14	1
150	2025-07-01 00:10:57.252137-05	50	Juan - Ausente (2025-08-02)	3		14	1
151	2025-07-01 00:10:57.252148-05	49	Hernando - Ausente (2025-08-02)	3		14	1
152	2025-07-01 00:10:57.25216-05	48	Noemi - Ausente (2025-08-02)	3		14	1
153	2025-07-01 00:10:57.25217-05	47	Juan - Ausente (2025-08-01)	3		14	1
154	2025-07-01 00:10:57.252181-05	46	Hernando - Ausente (2025-08-01)	3		14	1
155	2025-07-01 00:10:57.252193-05	45	Noemi - Ausente (2025-08-01)	3		14	1
156	2025-07-01 00:10:57.252204-05	44	Juan - Ausente (2025-07-28)	3		14	1
157	2025-07-01 00:10:57.252216-05	43	Hernando - Ausente (2025-07-28)	3		14	1
158	2025-07-01 00:10:57.252226-05	42	Noemi - Ausente (2025-07-28)	3		14	1
159	2025-07-01 00:10:57.252238-05	41	Juan - Ausente (2025-07-31)	3		14	1
160	2025-07-01 00:10:57.252249-05	40	Hernando - Ausente (2025-07-31)	3		14	1
161	2025-07-01 00:10:57.25226-05	39	Noemi - Ausente (2025-07-31)	3		14	1
162	2025-07-01 00:10:57.252271-05	38	Juan - Ausente (2025-07-30)	3		14	1
163	2025-07-01 00:10:57.252282-05	37	Hernando - Ausente (2025-07-30)	3		14	1
164	2025-07-01 00:10:57.252294-05	36	Noemi - Ausente (2025-07-30)	3		14	1
165	2025-07-01 00:10:57.252305-05	35	Juan - Ausente (2025-07-29)	3		14	1
166	2025-07-01 00:10:57.252315-05	34	Hernando - Ausente (2025-07-29)	3		14	1
167	2025-07-01 00:10:57.252326-05	33	Noemi - Ausente (2025-07-29)	3		14	1
168	2025-07-01 00:10:57.252337-05	32	Hernando - Ausente (2025-07-01)	3		14	1
169	2025-07-01 00:10:57.252349-05	31	Noemi - Ausente (2025-07-01)	3		14	1
170	2025-07-01 00:10:57.25236-05	30	Hernando - Ausente (2025-06-30)	3		14	1
171	2025-07-01 00:10:57.252371-05	29	Noemi - Ausente (2025-06-30)	3		14	1
172	2025-07-01 00:10:57.252382-05	28	Hernando - Presente (2025-06-29)	3		14	1
173	2025-07-01 00:10:57.252392-05	27	Noemi - Presente (2025-06-29)	3		14	1
174	2025-07-01 00:10:57.252403-05	26	Hernando - Presente (2025-06-28)	3		14	1
175	2025-07-01 00:10:57.252415-05	25	Noemi - Presente (2025-06-28)	3		14	1
176	2025-07-01 00:10:57.252426-05	24	Hernando - Presente (2025-06-27)	3		14	1
177	2025-07-01 00:10:57.252436-05	23	Noemi - Presente (2025-06-27)	3		14	1
178	2025-07-01 00:10:57.252447-05	22	Noemi - Ausente (2025-06-26)	3		14	1
179	2025-07-01 00:10:57.252458-05	18	Noemi - Ausente (2025-07-05)	3		14	1
180	2025-07-01 00:10:57.252468-05	12	Noemi - Ausente (2025-07-04)	3		14	1
181	2025-07-01 00:10:57.252479-05	11	Noemi - Ausente (2025-07-03)	3		14	1
182	2025-07-01 00:10:57.252489-05	10	Noemi - Ausente (2025-07-02)	3		14	1
183	2025-07-01 00:10:57.252502-05	8	Noemi - Ausente (2025-07-01)	3		14	1
184	2025-07-01 00:10:57.252512-05	7	Noemi - Presente (2025-06-30)	3		14	1
185	2025-07-01 00:10:57.252522-05	6	Noemi - Presente (2025-06-29)	3		14	1
186	2025-07-01 00:10:57.252533-05	5	Noemi - Presente (2025-06-28)	3		14	1
187	2025-07-01 00:10:57.252544-05	3	Noemi - Presente (2025-06-27)	3		14	1
188	2025-07-01 16:07:10.824963-05	4	Hernando (Alumno)	2	[{"changed": {"fields": ["Nuevo creyente", "Bautizado", "Tiene ministerio"]}}]	10	1
189	2025-07-01 16:07:21.671065-05	3	Noemi (Alumno)	2	[{"changed": {"fields": ["Tiene ministerio"]}}]	10	1
190	2025-07-01 16:07:32.43042-05	7	Juan (Alumno)	2	[{"changed": {"fields": ["Nuevo creyente", "Tiene ministerio"]}}]	10	1
191	2025-07-01 16:08:31.79257-05	3	Noemi (Alumno)	2	[]	10	1
192	2025-07-01 16:08:40.515238-05	7	Juan (Alumno)	2	[]	10	1
193	2025-07-01 18:03:23.234919-05	4	Mi Nueva Alianza con Dios M — Básico (2025 - II (2025))	2	[{"added": {"name": "sesion clase", "object": "Mi Nueva Alianza con Dios M - 2025-07-01"}}]	11	1
194	2025-07-01 18:04:48.171055-05	4	Mi Nueva Alianza con Dios M — Básico (2025 - II (2025))	2	[{"added": {"name": "sesion clase", "object": "Mi Nueva Alianza con Dios M - 2025-07-09"}}, {"added": {"name": "sesion clase", "object": "Mi Nueva Alianza con Dios M - 2025-07-16"}}, {"added": {"name": "sesion clase", "object": "Mi Nueva Alianza con Dios M - 2025-07-23"}}, {"added": {"name": "sesion clase", "object": "Mi Nueva Alianza con Dios M - 2025-07-30"}}, {"added": {"name": "sesion clase", "object": "Mi Nueva Alianza con Dios M - 2025-08-06"}}, {"added": {"name": "sesion clase", "object": "Mi Nueva Alianza con Dios M - 2025-08-13"}}, {"added": {"name": "sesion clase", "object": "Mi Nueva Alianza con Dios M - 2025-08-20"}}, {"changed": {"name": "sesion clase", "object": "Mi Nueva Alianza con Dios M - 2025-07-02", "fields": ["Fecha"]}}]	11	1
195	2025-07-01 18:05:03.210569-05	4	Mi Nueva Alianza con Dios M — Básico (2025 - II (2025))	2	[]	11	1
196	2025-07-01 18:05:59.004774-05	3	Mi Nueva Alianza con Dios D — Básico (2025 - II (2025))	2	[{"added": {"name": "sesion clase", "object": "Mi Nueva Alianza con Dios D - 2025-07-06"}}, {"added": {"name": "sesion clase", "object": "Mi Nueva Alianza con Dios D - 2025-07-13"}}, {"added": {"name": "sesion clase", "object": "Mi Nueva Alianza con Dios D - 2025-07-20"}}, {"added": {"name": "sesion clase", "object": "Mi Nueva Alianza con Dios D - 2025-07-27"}}, {"added": {"name": "sesion clase", "object": "Mi Nueva Alianza con Dios D - 2025-08-03"}}, {"added": {"name": "sesion clase", "object": "Mi Nueva Alianza con Dios D - 2025-08-10"}}, {"added": {"name": "sesion clase", "object": "Mi Nueva Alianza con Dios D - 2025-08-17"}}, {"added": {"name": "sesion clase", "object": "Mi Nueva Alianza con Dios D - 2025-08-24"}}]	11	1
197	2025-07-01 18:06:22.834818-05	1	Apologética — Semana con la Biblia (2025 - II (2025))	2	[{"added": {"name": "sesion clase", "object": "Apolog\\u00e9tica - 2025-07-01"}}, {"added": {"name": "sesion clase", "object": "Apolog\\u00e9tica - 2025-07-02"}}, {"added": {"name": "sesion clase", "object": "Apolog\\u00e9tica - 2025-07-03"}}, {"added": {"name": "sesion clase", "object": "Apolog\\u00e9tica - 2025-07-04"}}, {"added": {"name": "sesion clase", "object": "Apolog\\u00e9tica - 2025-07-05"}}]	11	1
\.


--
-- Data for Name: django_content_type; Type: TABLE DATA; Schema: public; Owner: postgres
--

COPY public.django_content_type (id, app_label, model) FROM stdin;
1	admin	logentry
2	auth	permission
3	auth	group
4	contenttypes	contenttype
5	sessions	session
6	core	curso
7	core	horario
8	core	nivel
9	core	periodoacademico
10	core	usuario
11	core	clase
12	core	nota
13	core	profesorcurso
14	core	asistencia
15	core	sesionclase
\.


--
-- Data for Name: django_migrations; Type: TABLE DATA; Schema: public; Owner: postgres
--

COPY public.django_migrations (id, app, name, applied) FROM stdin;
1	contenttypes	0001_initial	2025-06-26 21:25:35.649503-05
2	contenttypes	0002_remove_content_type_name	2025-06-26 21:25:35.655006-05
3	auth	0001_initial	2025-06-26 21:25:35.705841-05
4	auth	0002_alter_permission_name_max_length	2025-06-26 21:25:35.713602-05
5	auth	0003_alter_user_email_max_length	2025-06-26 21:25:35.717732-05
6	auth	0004_alter_user_username_opts	2025-06-26 21:25:35.721727-05
7	auth	0005_alter_user_last_login_null	2025-06-26 21:25:35.728493-05
8	auth	0006_require_contenttypes_0002	2025-06-26 21:25:35.730262-05
9	auth	0007_alter_validators_add_error_messages	2025-06-26 21:25:35.737056-05
10	auth	0008_alter_user_username_max_length	2025-06-26 21:25:35.744294-05
11	auth	0009_alter_user_last_name_max_length	2025-06-26 21:25:35.75096-05
12	auth	0010_alter_group_name_max_length	2025-06-26 21:25:35.757711-05
13	auth	0011_update_proxy_permissions	2025-06-26 21:25:35.765724-05
14	auth	0012_alter_user_first_name_max_length	2025-06-26 21:25:35.770229-05
15	core	0001_initial	2025-06-26 21:25:35.956388-05
16	admin	0001_initial	2025-06-26 21:25:35.988337-05
17	admin	0002_logentry_remove_auto_add	2025-06-26 21:25:36.001459-05
18	admin	0003_logentry_add_action_flag_choices	2025-06-26 21:25:36.021523-05
19	sessions	0001_initial	2025-06-26 21:25:36.036545-05
20	core	0002_usuario_alergias_usuario_bautizado_usuario_direccion_and_more	2025-06-28 20:50:25.206171-05
21	core	0003_rename_tiene_ministerio_usuario_ministerio_and_more	2025-06-29 01:27:09.213595-05
22	core	0004_rename_ministerio_usuario_tiene_ministerio	2025-06-29 01:27:09.236407-05
23	core	0005_alter_horario_dia	2025-06-30 12:20:36.257473-05
24	core	0006_remove_clase_horarios_curso_horarios	2025-06-30 13:15:08.813014-05
25	core	0007_remove_profesorcurso_curso_remove_clase_curso_and_more	2025-06-30 16:05:47.704319-05
26	core	0008_alter_horario_dia	2025-06-30 22:36:06.674004-05
27	core	0009_alter_horario_dia	2025-06-30 22:56:23.966036-05
28	core	0010_clase_fechas_programadas	2025-07-01 17:47:24.018449-05
29	core	0011_alter_nota_nota1_alter_nota_nota2_alter_nota_nota3_and_more	2025-07-01 17:47:24.060427-05
30	core	0012_remove_clase_fechas_programadas_sesionclase	2025-07-01 18:01:07.516769-05
\.


--
-- Data for Name: django_session; Type: TABLE DATA; Schema: public; Owner: postgres
--

COPY public.django_session (session_key, session_data, expire_date) FROM stdin;
za704149xgwbkvbhzyhb10dwtkx33abh	.eJxVjMEOwiAQRP-FsyFA2bJ49O43EBa2UjU0Ke3J-O9K0oNe5jDvzbxEiPtWwt54DXMWZ6HF6bejmB5cO8j3WG-LTEvd1plkV-RBm7wumZ-Xw_07KLGV75qJFaDxqJx13oCzHgn0QDRGBYpTTKhG1IbYakhpQsyGhx5s8gTi_QHEsTer:1uUyp7:Q5CKYzw7n1ubn9Xog00Gmbep7meWhrIELfBOcvFdPMY	2025-07-10 21:28:17.665817-05
yvf2219tkphtx0zd6c1mjdrzf4em06dg	.eJxVjM0OwiAQhN-FsyGlIAsevfcZyC67SNWUpD8n47trkx50jvN9My-VcFtr2haZ08jqoow6_XaE-SHTDviO063p3KZ1Hknvij7ooofG8rwe7t9BxaXua_-NtTEC5w5AxDrufQ5UWChSMb3LPkKA4qIxWLoCdMYO0Xjh4Ei9P-UbOEk:1uWev0:szGia4RqPlxxr5YlPt57F0E8x--uMKVAaYxt-l2puX0	2025-07-15 12:37:18.879922-05
\.


--
-- Name: auth_group_id_seq; Type: SEQUENCE SET; Schema: public; Owner: postgres
--

SELECT pg_catalog.setval('public.auth_group_id_seq', 1, false);


--
-- Name: auth_group_permissions_id_seq; Type: SEQUENCE SET; Schema: public; Owner: postgres
--

SELECT pg_catalog.setval('public.auth_group_permissions_id_seq', 1, false);


--
-- Name: auth_permission_id_seq; Type: SEQUENCE SET; Schema: public; Owner: postgres
--

SELECT pg_catalog.setval('public.auth_permission_id_seq', 60, true);


--
-- Name: core_asistencia_id_seq; Type: SEQUENCE SET; Schema: public; Owner: postgres
--

SELECT pg_catalog.setval('public.core_asistencia_id_seq', 136, true);


--
-- Name: core_clase_alumnos_id_seq; Type: SEQUENCE SET; Schema: public; Owner: postgres
--

SELECT pg_catalog.setval('public.core_clase_alumnos_id_seq', 30, true);


--
-- Name: core_clase_horarios_id_seq; Type: SEQUENCE SET; Schema: public; Owner: postgres
--

SELECT pg_catalog.setval('public.core_clase_horarios_id_seq', 5, true);


--
-- Name: core_clase_id_seq; Type: SEQUENCE SET; Schema: public; Owner: postgres
--

SELECT pg_catalog.setval('public.core_clase_id_seq', 4, true);


--
-- Name: core_horario_id_seq; Type: SEQUENCE SET; Schema: public; Owner: postgres
--

SELECT pg_catalog.setval('public.core_horario_id_seq', 3, true);


--
-- Name: core_nivel_id_seq; Type: SEQUENCE SET; Schema: public; Owner: postgres
--

SELECT pg_catalog.setval('public.core_nivel_id_seq', 2, true);


--
-- Name: core_nota_id_seq; Type: SEQUENCE SET; Schema: public; Owner: postgres
--

SELECT pg_catalog.setval('public.core_nota_id_seq', 12, true);


--
-- Name: core_periodoacademico_id_seq; Type: SEQUENCE SET; Schema: public; Owner: postgres
--

SELECT pg_catalog.setval('public.core_periodoacademico_id_seq', 1, true);


--
-- Name: core_sesionclase_id_seq; Type: SEQUENCE SET; Schema: public; Owner: postgres
--

SELECT pg_catalog.setval('public.core_sesionclase_id_seq', 21, true);


--
-- Name: core_usuario_groups_id_seq; Type: SEQUENCE SET; Schema: public; Owner: postgres
--

SELECT pg_catalog.setval('public.core_usuario_groups_id_seq', 1, false);


--
-- Name: core_usuario_id_seq; Type: SEQUENCE SET; Schema: public; Owner: postgres
--

SELECT pg_catalog.setval('public.core_usuario_id_seq', 8, true);


--
-- Name: core_usuario_user_permissions_id_seq; Type: SEQUENCE SET; Schema: public; Owner: postgres
--

SELECT pg_catalog.setval('public.core_usuario_user_permissions_id_seq', 1, false);


--
-- Name: django_admin_log_id_seq; Type: SEQUENCE SET; Schema: public; Owner: postgres
--

SELECT pg_catalog.setval('public.django_admin_log_id_seq', 197, true);


--
-- Name: django_content_type_id_seq; Type: SEQUENCE SET; Schema: public; Owner: postgres
--

SELECT pg_catalog.setval('public.django_content_type_id_seq', 15, true);


--
-- Name: django_migrations_id_seq; Type: SEQUENCE SET; Schema: public; Owner: postgres
--

SELECT pg_catalog.setval('public.django_migrations_id_seq', 30, true);


--
-- Name: auth_group auth_group_name_key; Type: CONSTRAINT; Schema: public; Owner: postgres
--

ALTER TABLE ONLY public.auth_group
    ADD CONSTRAINT auth_group_name_key UNIQUE (name);


--
-- Name: auth_group_permissions auth_group_permissions_group_id_permission_id_0cd325b0_uniq; Type: CONSTRAINT; Schema: public; Owner: postgres
--

ALTER TABLE ONLY public.auth_group_permissions
    ADD CONSTRAINT auth_group_permissions_group_id_permission_id_0cd325b0_uniq UNIQUE (group_id, permission_id);


--
-- Name: auth_group_permissions auth_group_permissions_pkey; Type: CONSTRAINT; Schema: public; Owner: postgres
--

ALTER TABLE ONLY public.auth_group_permissions
    ADD CONSTRAINT auth_group_permissions_pkey PRIMARY KEY (id);


--
-- Name: auth_group auth_group_pkey; Type: CONSTRAINT; Schema: public; Owner: postgres
--

ALTER TABLE ONLY public.auth_group
    ADD CONSTRAINT auth_group_pkey PRIMARY KEY (id);


--
-- Name: auth_permission auth_permission_content_type_id_codename_01ab375a_uniq; Type: CONSTRAINT; Schema: public; Owner: postgres
--

ALTER TABLE ONLY public.auth_permission
    ADD CONSTRAINT auth_permission_content_type_id_codename_01ab375a_uniq UNIQUE (content_type_id, codename);


--
-- Name: auth_permission auth_permission_pkey; Type: CONSTRAINT; Schema: public; Owner: postgres
--

ALTER TABLE ONLY public.auth_permission
    ADD CONSTRAINT auth_permission_pkey PRIMARY KEY (id);


--
-- Name: core_asistencia core_asistencia_alumno_id_clase_id_fecha_c9650c0a_uniq; Type: CONSTRAINT; Schema: public; Owner: postgres
--

ALTER TABLE ONLY public.core_asistencia
    ADD CONSTRAINT core_asistencia_alumno_id_clase_id_fecha_c9650c0a_uniq UNIQUE (alumno_id, clase_id, fecha);


--
-- Name: core_asistencia core_asistencia_pkey; Type: CONSTRAINT; Schema: public; Owner: postgres
--

ALTER TABLE ONLY public.core_asistencia
    ADD CONSTRAINT core_asistencia_pkey PRIMARY KEY (id);


--
-- Name: core_clase_alumnos core_clase_alumnos_clase_id_usuario_id_81666fba_uniq; Type: CONSTRAINT; Schema: public; Owner: postgres
--

ALTER TABLE ONLY public.core_clase_alumnos
    ADD CONSTRAINT core_clase_alumnos_clase_id_usuario_id_81666fba_uniq UNIQUE (clase_id, usuario_id);


--
-- Name: core_clase_alumnos core_clase_alumnos_pkey; Type: CONSTRAINT; Schema: public; Owner: postgres
--

ALTER TABLE ONLY public.core_clase_alumnos
    ADD CONSTRAINT core_clase_alumnos_pkey PRIMARY KEY (id);


--
-- Name: core_clase_horarios core_clase_horarios_clase_id_horario_id_dfb642a8_uniq; Type: CONSTRAINT; Schema: public; Owner: postgres
--

ALTER TABLE ONLY public.core_clase_horarios
    ADD CONSTRAINT core_clase_horarios_clase_id_horario_id_dfb642a8_uniq UNIQUE (clase_id, horario_id);


--
-- Name: core_clase_horarios core_clase_horarios_pkey; Type: CONSTRAINT; Schema: public; Owner: postgres
--

ALTER TABLE ONLY public.core_clase_horarios
    ADD CONSTRAINT core_clase_horarios_pkey PRIMARY KEY (id);


--
-- Name: core_clase core_clase_pkey; Type: CONSTRAINT; Schema: public; Owner: postgres
--

ALTER TABLE ONLY public.core_clase
    ADD CONSTRAINT core_clase_pkey PRIMARY KEY (id);


--
-- Name: core_horario core_horario_pkey; Type: CONSTRAINT; Schema: public; Owner: postgres
--

ALTER TABLE ONLY public.core_horario
    ADD CONSTRAINT core_horario_pkey PRIMARY KEY (id);


--
-- Name: core_nivel core_nivel_nombre_key; Type: CONSTRAINT; Schema: public; Owner: postgres
--

ALTER TABLE ONLY public.core_nivel
    ADD CONSTRAINT core_nivel_nombre_key UNIQUE (nombre);


--
-- Name: core_nivel core_nivel_pkey; Type: CONSTRAINT; Schema: public; Owner: postgres
--

ALTER TABLE ONLY public.core_nivel
    ADD CONSTRAINT core_nivel_pkey PRIMARY KEY (id);


--
-- Name: core_nota core_nota_pkey; Type: CONSTRAINT; Schema: public; Owner: postgres
--

ALTER TABLE ONLY public.core_nota
    ADD CONSTRAINT core_nota_pkey PRIMARY KEY (id);


--
-- Name: core_periodoacademico core_periodoacademico_nombre_key; Type: CONSTRAINT; Schema: public; Owner: postgres
--

ALTER TABLE ONLY public.core_periodoacademico
    ADD CONSTRAINT core_periodoacademico_nombre_key UNIQUE (nombre);


--
-- Name: core_periodoacademico core_periodoacademico_pkey; Type: CONSTRAINT; Schema: public; Owner: postgres
--

ALTER TABLE ONLY public.core_periodoacademico
    ADD CONSTRAINT core_periodoacademico_pkey PRIMARY KEY (id);


--
-- Name: core_sesionclase core_sesionclase_pkey; Type: CONSTRAINT; Schema: public; Owner: postgres
--

ALTER TABLE ONLY public.core_sesionclase
    ADD CONSTRAINT core_sesionclase_pkey PRIMARY KEY (id);


--
-- Name: core_usuario_groups core_usuario_groups_pkey; Type: CONSTRAINT; Schema: public; Owner: postgres
--

ALTER TABLE ONLY public.core_usuario_groups
    ADD CONSTRAINT core_usuario_groups_pkey PRIMARY KEY (id);


--
-- Name: core_usuario_groups core_usuario_groups_usuario_id_group_id_bde3c750_uniq; Type: CONSTRAINT; Schema: public; Owner: postgres
--

ALTER TABLE ONLY public.core_usuario_groups
    ADD CONSTRAINT core_usuario_groups_usuario_id_group_id_bde3c750_uniq UNIQUE (usuario_id, group_id);


--
-- Name: core_usuario core_usuario_pkey; Type: CONSTRAINT; Schema: public; Owner: postgres
--

ALTER TABLE ONLY public.core_usuario
    ADD CONSTRAINT core_usuario_pkey PRIMARY KEY (id);


--
-- Name: core_usuario_user_permissions core_usuario_user_permis_usuario_id_permission_id_7a048d24_uniq; Type: CONSTRAINT; Schema: public; Owner: postgres
--

ALTER TABLE ONLY public.core_usuario_user_permissions
    ADD CONSTRAINT core_usuario_user_permis_usuario_id_permission_id_7a048d24_uniq UNIQUE (usuario_id, permission_id);


--
-- Name: core_usuario_user_permissions core_usuario_user_permissions_pkey; Type: CONSTRAINT; Schema: public; Owner: postgres
--

ALTER TABLE ONLY public.core_usuario_user_permissions
    ADD CONSTRAINT core_usuario_user_permissions_pkey PRIMARY KEY (id);


--
-- Name: core_usuario core_usuario_username_key; Type: CONSTRAINT; Schema: public; Owner: postgres
--

ALTER TABLE ONLY public.core_usuario
    ADD CONSTRAINT core_usuario_username_key UNIQUE (username);


--
-- Name: django_admin_log django_admin_log_pkey; Type: CONSTRAINT; Schema: public; Owner: postgres
--

ALTER TABLE ONLY public.django_admin_log
    ADD CONSTRAINT django_admin_log_pkey PRIMARY KEY (id);


--
-- Name: django_content_type django_content_type_app_label_model_76bd3d3b_uniq; Type: CONSTRAINT; Schema: public; Owner: postgres
--

ALTER TABLE ONLY public.django_content_type
    ADD CONSTRAINT django_content_type_app_label_model_76bd3d3b_uniq UNIQUE (app_label, model);


--
-- Name: django_content_type django_content_type_pkey; Type: CONSTRAINT; Schema: public; Owner: postgres
--

ALTER TABLE ONLY public.django_content_type
    ADD CONSTRAINT django_content_type_pkey PRIMARY KEY (id);


--
-- Name: django_migrations django_migrations_pkey; Type: CONSTRAINT; Schema: public; Owner: postgres
--

ALTER TABLE ONLY public.django_migrations
    ADD CONSTRAINT django_migrations_pkey PRIMARY KEY (id);


--
-- Name: django_session django_session_pkey; Type: CONSTRAINT; Schema: public; Owner: postgres
--

ALTER TABLE ONLY public.django_session
    ADD CONSTRAINT django_session_pkey PRIMARY KEY (session_key);


--
-- Name: auth_group_name_a6ea08ec_like; Type: INDEX; Schema: public; Owner: postgres
--

CREATE INDEX auth_group_name_a6ea08ec_like ON public.auth_group USING btree (name varchar_pattern_ops);


--
-- Name: auth_group_permissions_group_id_b120cbf9; Type: INDEX; Schema: public; Owner: postgres
--

CREATE INDEX auth_group_permissions_group_id_b120cbf9 ON public.auth_group_permissions USING btree (group_id);


--
-- Name: auth_group_permissions_permission_id_84c5c92e; Type: INDEX; Schema: public; Owner: postgres
--

CREATE INDEX auth_group_permissions_permission_id_84c5c92e ON public.auth_group_permissions USING btree (permission_id);


--
-- Name: auth_permission_content_type_id_2f476e4b; Type: INDEX; Schema: public; Owner: postgres
--

CREATE INDEX auth_permission_content_type_id_2f476e4b ON public.auth_permission USING btree (content_type_id);


--
-- Name: core_asistencia_alumno_id_dd09ecc2; Type: INDEX; Schema: public; Owner: postgres
--

CREATE INDEX core_asistencia_alumno_id_dd09ecc2 ON public.core_asistencia USING btree (alumno_id);


--
-- Name: core_asistencia_clase_id_4979ecb4; Type: INDEX; Schema: public; Owner: postgres
--

CREATE INDEX core_asistencia_clase_id_4979ecb4 ON public.core_asistencia USING btree (clase_id);


--
-- Name: core_clase_alumnos_clase_id_d985a437; Type: INDEX; Schema: public; Owner: postgres
--

CREATE INDEX core_clase_alumnos_clase_id_d985a437 ON public.core_clase_alumnos USING btree (clase_id);


--
-- Name: core_clase_alumnos_usuario_id_d8cb7f35; Type: INDEX; Schema: public; Owner: postgres
--

CREATE INDEX core_clase_alumnos_usuario_id_d8cb7f35 ON public.core_clase_alumnos USING btree (usuario_id);


--
-- Name: core_clase_horarios_clase_id_13bdcc6b; Type: INDEX; Schema: public; Owner: postgres
--

CREATE INDEX core_clase_horarios_clase_id_13bdcc6b ON public.core_clase_horarios USING btree (clase_id);


--
-- Name: core_clase_horarios_horario_id_b0803277; Type: INDEX; Schema: public; Owner: postgres
--

CREATE INDEX core_clase_horarios_horario_id_b0803277 ON public.core_clase_horarios USING btree (horario_id);


--
-- Name: core_clase_nivel_id_fa9144e2; Type: INDEX; Schema: public; Owner: postgres
--

CREATE INDEX core_clase_nivel_id_fa9144e2 ON public.core_clase USING btree (nivel_id);


--
-- Name: core_clase_periodo_id_ff45d189; Type: INDEX; Schema: public; Owner: postgres
--

CREATE INDEX core_clase_periodo_id_ff45d189 ON public.core_clase USING btree (periodo_id);


--
-- Name: core_clase_profesor_asistente_id_c2379598; Type: INDEX; Schema: public; Owner: postgres
--

CREATE INDEX core_clase_profesor_asistente_id_c2379598 ON public.core_clase USING btree (profesor_asistente_id);


--
-- Name: core_clase_profesor_titular_id_0c9db9b2; Type: INDEX; Schema: public; Owner: postgres
--

CREATE INDEX core_clase_profesor_titular_id_0c9db9b2 ON public.core_clase USING btree (profesor_titular_id);


--
-- Name: core_nivel_nombre_62c9672a_like; Type: INDEX; Schema: public; Owner: postgres
--

CREATE INDEX core_nivel_nombre_62c9672a_like ON public.core_nivel USING btree (nombre varchar_pattern_ops);


--
-- Name: core_nota_alumno_id_3796dddf; Type: INDEX; Schema: public; Owner: postgres
--

CREATE INDEX core_nota_alumno_id_3796dddf ON public.core_nota USING btree (alumno_id);


--
-- Name: core_nota_clase_id_fa3ed62a; Type: INDEX; Schema: public; Owner: postgres
--

CREATE INDEX core_nota_clase_id_fa3ed62a ON public.core_nota USING btree (clase_id);


--
-- Name: core_periodoacademico_nombre_c37adc5e_like; Type: INDEX; Schema: public; Owner: postgres
--

CREATE INDEX core_periodoacademico_nombre_c37adc5e_like ON public.core_periodoacademico USING btree (nombre varchar_pattern_ops);


--
-- Name: core_sesionclase_clase_id_f7950078; Type: INDEX; Schema: public; Owner: postgres
--

CREATE INDEX core_sesionclase_clase_id_f7950078 ON public.core_sesionclase USING btree (clase_id);


--
-- Name: core_usuario_groups_group_id_55312a9a; Type: INDEX; Schema: public; Owner: postgres
--

CREATE INDEX core_usuario_groups_group_id_55312a9a ON public.core_usuario_groups USING btree (group_id);


--
-- Name: core_usuario_groups_usuario_id_97385234; Type: INDEX; Schema: public; Owner: postgres
--

CREATE INDEX core_usuario_groups_usuario_id_97385234 ON public.core_usuario_groups USING btree (usuario_id);


--
-- Name: core_usuario_user_permissions_permission_id_7f881653; Type: INDEX; Schema: public; Owner: postgres
--

CREATE INDEX core_usuario_user_permissions_permission_id_7f881653 ON public.core_usuario_user_permissions USING btree (permission_id);


--
-- Name: core_usuario_user_permissions_usuario_id_ce4108a7; Type: INDEX; Schema: public; Owner: postgres
--

CREATE INDEX core_usuario_user_permissions_usuario_id_ce4108a7 ON public.core_usuario_user_permissions USING btree (usuario_id);


--
-- Name: core_usuario_username_87fc6a94_like; Type: INDEX; Schema: public; Owner: postgres
--

CREATE INDEX core_usuario_username_87fc6a94_like ON public.core_usuario USING btree (username varchar_pattern_ops);


--
-- Name: django_admin_log_content_type_id_c4bce8eb; Type: INDEX; Schema: public; Owner: postgres
--

CREATE INDEX django_admin_log_content_type_id_c4bce8eb ON public.django_admin_log USING btree (content_type_id);


--
-- Name: django_admin_log_user_id_c564eba6; Type: INDEX; Schema: public; Owner: postgres
--

CREATE INDEX django_admin_log_user_id_c564eba6 ON public.django_admin_log USING btree (user_id);


--
-- Name: django_session_expire_date_a5c62663; Type: INDEX; Schema: public; Owner: postgres
--

CREATE INDEX django_session_expire_date_a5c62663 ON public.django_session USING btree (expire_date);


--
-- Name: django_session_session_key_c0390e0f_like; Type: INDEX; Schema: public; Owner: postgres
--

CREATE INDEX django_session_session_key_c0390e0f_like ON public.django_session USING btree (session_key varchar_pattern_ops);


--
-- Name: auth_group_permissions auth_group_permissio_permission_id_84c5c92e_fk_auth_perm; Type: FK CONSTRAINT; Schema: public; Owner: postgres
--

ALTER TABLE ONLY public.auth_group_permissions
    ADD CONSTRAINT auth_group_permissio_permission_id_84c5c92e_fk_auth_perm FOREIGN KEY (permission_id) REFERENCES public.auth_permission(id) DEFERRABLE INITIALLY DEFERRED;


--
-- Name: auth_group_permissions auth_group_permissions_group_id_b120cbf9_fk_auth_group_id; Type: FK CONSTRAINT; Schema: public; Owner: postgres
--

ALTER TABLE ONLY public.auth_group_permissions
    ADD CONSTRAINT auth_group_permissions_group_id_b120cbf9_fk_auth_group_id FOREIGN KEY (group_id) REFERENCES public.auth_group(id) DEFERRABLE INITIALLY DEFERRED;


--
-- Name: auth_permission auth_permission_content_type_id_2f476e4b_fk_django_co; Type: FK CONSTRAINT; Schema: public; Owner: postgres
--

ALTER TABLE ONLY public.auth_permission
    ADD CONSTRAINT auth_permission_content_type_id_2f476e4b_fk_django_co FOREIGN KEY (content_type_id) REFERENCES public.django_content_type(id) DEFERRABLE INITIALLY DEFERRED;


--
-- Name: core_asistencia core_asistencia_alumno_id_dd09ecc2_fk_core_usuario_id; Type: FK CONSTRAINT; Schema: public; Owner: postgres
--

ALTER TABLE ONLY public.core_asistencia
    ADD CONSTRAINT core_asistencia_alumno_id_dd09ecc2_fk_core_usuario_id FOREIGN KEY (alumno_id) REFERENCES public.core_usuario(id) DEFERRABLE INITIALLY DEFERRED;


--
-- Name: core_asistencia core_asistencia_clase_id_4979ecb4_fk_core_clase_id; Type: FK CONSTRAINT; Schema: public; Owner: postgres
--

ALTER TABLE ONLY public.core_asistencia
    ADD CONSTRAINT core_asistencia_clase_id_4979ecb4_fk_core_clase_id FOREIGN KEY (clase_id) REFERENCES public.core_clase(id) DEFERRABLE INITIALLY DEFERRED;


--
-- Name: core_clase_alumnos core_clase_alumnos_clase_id_d985a437_fk_core_clase_id; Type: FK CONSTRAINT; Schema: public; Owner: postgres
--

ALTER TABLE ONLY public.core_clase_alumnos
    ADD CONSTRAINT core_clase_alumnos_clase_id_d985a437_fk_core_clase_id FOREIGN KEY (clase_id) REFERENCES public.core_clase(id) DEFERRABLE INITIALLY DEFERRED;


--
-- Name: core_clase_alumnos core_clase_alumnos_usuario_id_d8cb7f35_fk_core_usuario_id; Type: FK CONSTRAINT; Schema: public; Owner: postgres
--

ALTER TABLE ONLY public.core_clase_alumnos
    ADD CONSTRAINT core_clase_alumnos_usuario_id_d8cb7f35_fk_core_usuario_id FOREIGN KEY (usuario_id) REFERENCES public.core_usuario(id) DEFERRABLE INITIALLY DEFERRED;


--
-- Name: core_clase_horarios core_clase_horarios_clase_id_13bdcc6b_fk_core_clase_id; Type: FK CONSTRAINT; Schema: public; Owner: postgres
--

ALTER TABLE ONLY public.core_clase_horarios
    ADD CONSTRAINT core_clase_horarios_clase_id_13bdcc6b_fk_core_clase_id FOREIGN KEY (clase_id) REFERENCES public.core_clase(id) DEFERRABLE INITIALLY DEFERRED;


--
-- Name: core_clase_horarios core_clase_horarios_horario_id_b0803277_fk_core_horario_id; Type: FK CONSTRAINT; Schema: public; Owner: postgres
--

ALTER TABLE ONLY public.core_clase_horarios
    ADD CONSTRAINT core_clase_horarios_horario_id_b0803277_fk_core_horario_id FOREIGN KEY (horario_id) REFERENCES public.core_horario(id) DEFERRABLE INITIALLY DEFERRED;


--
-- Name: core_clase core_clase_nivel_id_fa9144e2_fk_core_nivel_id; Type: FK CONSTRAINT; Schema: public; Owner: postgres
--

ALTER TABLE ONLY public.core_clase
    ADD CONSTRAINT core_clase_nivel_id_fa9144e2_fk_core_nivel_id FOREIGN KEY (nivel_id) REFERENCES public.core_nivel(id) DEFERRABLE INITIALLY DEFERRED;


--
-- Name: core_clase core_clase_periodo_id_ff45d189_fk_core_periodoacademico_id; Type: FK CONSTRAINT; Schema: public; Owner: postgres
--

ALTER TABLE ONLY public.core_clase
    ADD CONSTRAINT core_clase_periodo_id_ff45d189_fk_core_periodoacademico_id FOREIGN KEY (periodo_id) REFERENCES public.core_periodoacademico(id) DEFERRABLE INITIALLY DEFERRED;


--
-- Name: core_clase core_clase_profesor_asistente_id_c2379598_fk_core_usuario_id; Type: FK CONSTRAINT; Schema: public; Owner: postgres
--

ALTER TABLE ONLY public.core_clase
    ADD CONSTRAINT core_clase_profesor_asistente_id_c2379598_fk_core_usuario_id FOREIGN KEY (profesor_asistente_id) REFERENCES public.core_usuario(id) DEFERRABLE INITIALLY DEFERRED;


--
-- Name: core_clase core_clase_profesor_titular_id_0c9db9b2_fk_core_usuario_id; Type: FK CONSTRAINT; Schema: public; Owner: postgres
--

ALTER TABLE ONLY public.core_clase
    ADD CONSTRAINT core_clase_profesor_titular_id_0c9db9b2_fk_core_usuario_id FOREIGN KEY (profesor_titular_id) REFERENCES public.core_usuario(id) DEFERRABLE INITIALLY DEFERRED;


--
-- Name: core_nota core_nota_alumno_id_3796dddf_fk_core_usuario_id; Type: FK CONSTRAINT; Schema: public; Owner: postgres
--

ALTER TABLE ONLY public.core_nota
    ADD CONSTRAINT core_nota_alumno_id_3796dddf_fk_core_usuario_id FOREIGN KEY (alumno_id) REFERENCES public.core_usuario(id) DEFERRABLE INITIALLY DEFERRED;


--
-- Name: core_nota core_nota_clase_id_fa3ed62a_fk_core_clase_id; Type: FK CONSTRAINT; Schema: public; Owner: postgres
--

ALTER TABLE ONLY public.core_nota
    ADD CONSTRAINT core_nota_clase_id_fa3ed62a_fk_core_clase_id FOREIGN KEY (clase_id) REFERENCES public.core_clase(id) DEFERRABLE INITIALLY DEFERRED;


--
-- Name: core_sesionclase core_sesionclase_clase_id_f7950078_fk_core_clase_id; Type: FK CONSTRAINT; Schema: public; Owner: postgres
--

ALTER TABLE ONLY public.core_sesionclase
    ADD CONSTRAINT core_sesionclase_clase_id_f7950078_fk_core_clase_id FOREIGN KEY (clase_id) REFERENCES public.core_clase(id) DEFERRABLE INITIALLY DEFERRED;


--
-- Name: core_usuario_groups core_usuario_groups_group_id_55312a9a_fk_auth_group_id; Type: FK CONSTRAINT; Schema: public; Owner: postgres
--

ALTER TABLE ONLY public.core_usuario_groups
    ADD CONSTRAINT core_usuario_groups_group_id_55312a9a_fk_auth_group_id FOREIGN KEY (group_id) REFERENCES public.auth_group(id) DEFERRABLE INITIALLY DEFERRED;


--
-- Name: core_usuario_groups core_usuario_groups_usuario_id_97385234_fk_core_usuario_id; Type: FK CONSTRAINT; Schema: public; Owner: postgres
--

ALTER TABLE ONLY public.core_usuario_groups
    ADD CONSTRAINT core_usuario_groups_usuario_id_97385234_fk_core_usuario_id FOREIGN KEY (usuario_id) REFERENCES public.core_usuario(id) DEFERRABLE INITIALLY DEFERRED;


--
-- Name: core_usuario_user_permissions core_usuario_user_pe_permission_id_7f881653_fk_auth_perm; Type: FK CONSTRAINT; Schema: public; Owner: postgres
--

ALTER TABLE ONLY public.core_usuario_user_permissions
    ADD CONSTRAINT core_usuario_user_pe_permission_id_7f881653_fk_auth_perm FOREIGN KEY (permission_id) REFERENCES public.auth_permission(id) DEFERRABLE INITIALLY DEFERRED;


--
-- Name: core_usuario_user_permissions core_usuario_user_pe_usuario_id_ce4108a7_fk_core_usua; Type: FK CONSTRAINT; Schema: public; Owner: postgres
--

ALTER TABLE ONLY public.core_usuario_user_permissions
    ADD CONSTRAINT core_usuario_user_pe_usuario_id_ce4108a7_fk_core_usua FOREIGN KEY (usuario_id) REFERENCES public.core_usuario(id) DEFERRABLE INITIALLY DEFERRED;


--
-- Name: django_admin_log django_admin_log_content_type_id_c4bce8eb_fk_django_co; Type: FK CONSTRAINT; Schema: public; Owner: postgres
--

ALTER TABLE ONLY public.django_admin_log
    ADD CONSTRAINT django_admin_log_content_type_id_c4bce8eb_fk_django_co FOREIGN KEY (content_type_id) REFERENCES public.django_content_type(id) DEFERRABLE INITIALLY DEFERRED;


--
-- Name: django_admin_log django_admin_log_user_id_c564eba6_fk_core_usuario_id; Type: FK CONSTRAINT; Schema: public; Owner: postgres
--

ALTER TABLE ONLY public.django_admin_log
    ADD CONSTRAINT django_admin_log_user_id_c564eba6_fk_core_usuario_id FOREIGN KEY (user_id) REFERENCES public.core_usuario(id) DEFERRABLE INITIALLY DEFERRED;


--
-- PostgreSQL database dump complete
--

